BiomeGenBase.cpp	BlockGrass
BiomeGenBase.cpp	EntityChicken
BiomeGenBase.cpp	EntityCow
BiomeGenBase.cpp	EntityCreeper
BiomeGenBase.cpp	EntityPig
BiomeGenBase.cpp	EntitySheep
BiomeGenBase.cpp	EntitySkeleton
BiomeGenBase.cpp	EntitySlime
BiomeGenBase.cpp	EntitySpider
BiomeGenBase.cpp	EntitySquid
BiomeGenBase.cpp	EntityZombie
BiomeGenForest.cpp	EntityWolf
BiomeGenHell.cpp	EntityGhast
BiomeGenHell.cpp	EntityPigZombie
BiomeGenTaiga.cpp	EntityWolf
BlockFire.cpp	BlockLeaves
BlockFire.cpp	BlockTallGrass
BlockFlower.cpp	BlockGrass
BlockGlowStone.cpp	Random
BlockGravel.cpp	Random
BlockLog.cpp	BlockLeaves
BlockOre.cpp	Random
BlockPortal.cpp	BlockFire
BlockReed.cpp	BlockGrass
BlockSand.cpp	BlockFire
BlockStationary.cpp	BlockFire
BlockTallGrass.cpp	Random
Chunk.cpp	WorldProvider
ChunkProviderGenerate.cpp	BlockDeadBush
ChunkProviderGenerate.cpp	BlockFlower
ChunkProviderGenerate.cpp	BlockTallGrass
ChunkProviderHell.cpp	BlockFlower
ContainerPlayer.cpp	InventoryCrafting
ContainerWorkbench.cpp	InventoryCrafting
CraftingManager-COGIDO.cpp	RecipesArmor
CraftingManager-COGIDO.cpp	RecipesCrafting
CraftingManager-COGIDO.cpp	RecipesDyes
CraftingManager-COGIDO.cpp	RecipesFood
CraftingManager-COGIDO.cpp	RecipesIngots
CraftingManager-COGIDO.cpp	RecipesTools
CraftingManager-COGIDO.cpp	RecipesWeapons
EntityBoat.cpp	Material
EntityCreeper.cpp	DataWatcher
EntityEgg.cpp	AxisAlignedBB
EntityFallingSand.cpp	BlockPistonMoving
EntityFireball.cpp	AxisAlignedBB
EntityFish.cpp	AxisAlignedBB
EntityGhast.cpp	DataWatcher
EntityItem.cpp	AxisAlignedBB
EntityPainting.cpp	EntityItem
EntityPigZombie.cpp	AxisAlignedBB
EntitySlime.cpp	AxisAlignedBB
EntitySlime.cpp	DataWatcher
EntitySnowball.cpp	AxisAlignedBB
EntitySquid.cpp	AxisAlignedBB
EntityWolf.cpp	AxisAlignedBB
EntityWolf.cpp	DataWatcher
Explosion.cpp	BlockFire
Item.cpp	Material
ItemHoe.cpp	BlockGrass
ItemLeaves.cpp	BlockLeaves
ItemShears.cpp	BlockLeaves
ItemSign.cpp	Material
ItemStack.cpp	NBTTagCompound
J_JsonObjectNodeList.cpp	J_JsonStringNode
MapGenCaves.cpp	BlockGrass
MapGenCavesHell.cpp	BlockGrass
ModelZombie.cpp	ModelRenderer
RenderBiped.cpp	ModelRenderer
RenderPlayer.cpp	InventoryPlayer
RenderPlayer.cpp	ModelRenderer
ShapedRecipes.cpp	InventoryCrafting
ShapelessRecipes.cpp	InventoryCrafting
SpawnerAnimals.cpp	WorldChunkManager
StatList.cpp	BlockFlower
StatList.cpp	BlockGrass
TexturePortalFX.cpp	BlockPortal
TileEntityChest.cpp	World
TileEntityFurnace.cpp	World
TileEntityPiston.cpp	BlockPistonMoving
TileEntityPiston.cpp	World
